-- MySQL dump 10.13  Distrib 5.7.25, for Linux (x86_64)
--
-- Host: localhost    Database: BOM
-- ------------------------------------------------------
-- Server version	5.7.25-0ubuntu0.18.10.2

/*!40101 SET @OLD_CHARACTER_SET_CLIENT=@@CHARACTER_SET_CLIENT */;
/*!40101 SET @OLD_CHARACTER_SET_RESULTS=@@CHARACTER_SET_RESULTS */;
/*!40101 SET @OLD_COLLATION_CONNECTION=@@COLLATION_CONNECTION */;
/*!40101 SET NAMES utf8 */;
/*!40103 SET @OLD_TIME_ZONE=@@TIME_ZONE */;
/*!40103 SET TIME_ZONE='+00:00' */;
/*!40014 SET @OLD_UNIQUE_CHECKS=@@UNIQUE_CHECKS, UNIQUE_CHECKS=0 */;
/*!40014 SET @OLD_FOREIGN_KEY_CHECKS=@@FOREIGN_KEY_CHECKS, FOREIGN_KEY_CHECKS=0 */;
/*!40101 SET @OLD_SQL_MODE=@@SQL_MODE, SQL_MODE='NO_AUTO_VALUE_ON_ZERO' */;
/*!40111 SET @OLD_SQL_NOTES=@@SQL_NOTES, SQL_NOTES=0 */;

--
-- Current Database: `BOM`
--

CREATE DATABASE /*!32312 IF NOT EXISTS*/ `BOM` /*!40100 DEFAULT CHARACTER SET latin1 */;

USE `BOM`;

--
-- Table structure for table `CDPOS`
--

DROP TABLE IF EXISTS `CDPOS`;
/*!40101 SET @saved_cs_client     = @@character_set_client */;
/*!40101 SET character_set_client = utf8 */;
CREATE TABLE `CDPOS` (
  `OLD_MATNR` varchar(255) DEFAULT NULL,
  `OLD_UOM` varchar(255) DEFAULT NULL,
  `VALUE_OLD` int(11) DEFAULT NULL,
  `NEW_MATNR` varchar(255) DEFAULT NULL,
  `NEW_UOM` varchar(255) DEFAULT NULL,
  `VALUE_NEW` int(11) DEFAULT NULL,
  `AENNR` varchar(255) DEFAULT NULL
) ENGINE=InnoDB DEFAULT CHARSET=latin1;
/*!40101 SET character_set_client = @saved_cs_client */;

--
-- Dumping data for table `CDPOS`
--

LOCK TABLES `CDPOS` WRITE;
/*!40000 ALTER TABLE `CDPOS` DISABLE KEYS */;
INSERT INTO `CDPOS` VALUES ('AUTOMOTIVE BATTERY','1',0,'PLATINUM AG3 BATTERY','1',0,'\r'),('PLATINUM AG3 BATTERY','1',0,'EVERSTART LEAD ACID BAT','2',0,'EVER_PLAT\r'),('AUTOMOTIVE BATTERY','1',0,'BMW M3-75 STARTING BAT','1',0,'BMW M3-75\r'),('PLATINUM AG3 BATTERY','1',0,'EVERSTART LEAD ACID BAT','2',0,'EVER_PLAT\r'),('EVERSTART LEAD ACID BAT','2',0,'BMW_FDZ BATTERY','2',0,'\r'),('AUTOMOTIVE BATTERY','1',0,'BMW M3-75 STARTING BAT','1',0,'BMW M3-75\r'),('BMW_FDZ BATTERY','2',0,'BMW M3-75 STARTING BAT','1',0,'FD-M3\r'),('BMW M3-75 STARTING BAT','1',0,'BMW_FDZ BATTERY','2',0,'\r'),('EVERSTART LEAD ACID BAT','2',0,'BMW_FDZ BATTERY','2',0,'\r'),('PLATINUM AG3 BATTERY','1',0,'EVERSTART LEAD ACID BAT','2',0,'EVER_PLAT\r'),('BMW_FDZ BATTERY','2',0,'BMW M3-75 STARTING BAT','1',0,'FD-M3\r'),('AUTOMOTIVE BATTERY','1',0,'BMW M3-75 STARTING BAT','1',0,'BMW M3-75\r'),('BMW M3-75 STARTING BAT','1',0,'BMW_FDZ BATTERY','2',0,'\r'),('EVERSTART LEAD ACID BAT','2',0,'PLATINUM AG3 BATTERY','1',0,'\r'),('PLATINUM AG3 BATTERY','1',0,'EVERSTART LEAD ACID BAT','2',0,'EVER_PLAT\r'),('AUTOMOTIVE BATTERY','1',0,'BMW M3-75 STARTING BAT','1',0,'BMW M3-75\r'),('BMW M3-75 STARTING BAT','1',0,'BMW_FDZ BATTERY','2',0,'\r'),('BMW_FDZ BATTERY','2',0,'BMW M3-75 STARTING BAT','1',0,'FD-M3\r'),('PLATINUM AG3 BATTERY','1',0,'AUTOMOTIVE BATTERY','1',0,'\r'),('BMW M3-75 STARTING BAT','1',0,'BMW_FDZ BATTERY','2',0,'\r'),('EVERSTART LEAD ACID BAT','2',0,'PLATINUM AG3 BATTERY','1',0,'\r'),('AUTOMOTIVE BATTERY','1',0,'PLATINUM AG3 BATTERY','1',0,'\r'),('PLATINUM AG3 BATTERY','1',0,'AUTOMOTIVE BATTERY','1',0,'\r'),('BMW_FDZ BATTERY','2',0,'BMW M3-75 STARTING BAT','1',0,'FD-M3\r'),('FUEL OFFROAD DF531','4',0,'REPLIKAZ ALLOY','4',0,'\r'),('REPLIKAZ ALLOY','4',0,'TOUREN TR60 ','4',0,'\r'),('TOUREN TR60 ','4',0,'FLM_BMW_K3','4',0,'\r'),('FLM_BMW_K3','4',0,'REPLIKAZ ALLOY','4',0,'\r'),('REPLIKAZ ALLOY','4',0,'SIMS_BMW_ROLL PINS','4',0,'\r'),('SIMS_BMW_ROLL PINS','4',0,'REPLIKAZ ALLOY','4',0,'\r'),('FUEL OFFROAD DF531','4',0,'REPLIKAZ ALLOY','4',0,'\r'),('FLM_BMW_K3','4',0,'FUEL OFFROAD DF531','4',0,'\r'),('SIMS_BMW_ROLL PINS','4',0,'REPLIKAZ ALLOY','4',0,'\r'),('REPLIKAZ ALLOY','4',0,'SIMS_BMW_ROLL PINS','4',0,'\r'),('TOUREN TR60 ','4',0,'FLM_BMW_K3','4',0,'\r'),('FLM_BMW_K3','4',0,'FUEL OFFROAD DF531','4',0,'\r'),('SIMS_BMW_ROLL PINS','4',0,'REPLIKAZ ALLOY','4',0,'\r'),('FUEL OFFROAD DF531','4',0,'TOUREN TR60 ','4',0,'\r'),('FUEL OFFROAD DF531','4',0,'TOUREN TR60 ','4',0,'\r'),('FLM_BMW_K3','4',0,'FUEL OFFROAD DF531','4',0,'\r'),('TOUREN TR60 ','4',0,'FUEL OFFROAD DF531','4',0,'\r'),('REPLIKAZ ALLOY','4',0,'SIMS_BMW_ROLL PINS','4',0,'\r'),('FLM_BMW_K3','4',0,'FUEL OFFROAD DF531','4',0,'\r'),('SIMS_BMW_ROLL PINS','4',0,'REPLIKAZ ALLOY','4',0,'\r'),('FUEL OFFROAD DF531','4',0,'TOUREN TR60 ','4',0,'\r'),('SIMS_BMW_ROLL PINS','4',0,'FLM_BMW_K3','4',0,'\r'),('TOUREN TR60 ','4',0,'FUEL OFFROAD DF531','4',0,'\r'),('REPLIKAZ ALLOY','4',0,'SIMS_BMW_ROLL PINS','4',0,'\r');
/*!40000 ALTER TABLE `CDPOS` ENABLE KEYS */;
UNLOCK TABLES;

--
-- Table structure for table `MARA`
--

DROP TABLE IF EXISTS `MARA`;
/*!40101 SET @saved_cs_client     = @@character_set_client */;
/*!40101 SET character_set_client = utf8 */;
CREATE TABLE `MARA` (
  `MATNR` varchar(255) NOT NULL,
  `MEINS` varchar(255) DEFAULT NULL,
  `MATKL` varchar(255) DEFAULT NULL,
  `MTART` varchar(255) DEFAULT NULL,
  `DATAB` date DEFAULT NULL,
  `Valid_To` date DEFAULT NULL,
  PRIMARY KEY (`MATNR`)
) ENGINE=InnoDB DEFAULT CHARSET=latin1;
/*!40101 SET character_set_client = @saved_cs_client */;

--
-- Dumping data for table `MARA`
--

LOCK TABLES `MARA` WRITE;
/*!40000 ALTER TABLE `MARA` DISABLE KEYS */;
INSERT INTO `MARA` VALUES ('ACURA_NSX','EA','000000001','FERT','2015-03-01','2025-09-30'),('AUDI_A4','EA','000000001','FERT','2017-02-01','2025-05-30'),('AUDI_A5','EA','000000001','FERT','2015-04-01','2024-06-09'),('AUDI_A6','EA','000000001','FERT','2015-03-01','2025-09-30'),('AUDI_COUPE','EA','000000001','FERT','2019-02-10','2019-03-15'),('AUDI_TT','EA','000000001','FERT','2019-02-10','2019-06-08'),('AUTOMOTIVE BATTERY','EA','000000201','HALB','2017-02-10','2019-07-27'),('BMW M3-75 STARTING BAT','EA','000000201','HALB','2019-01-01','2019-12-12'),('BMW_FDZ BATTERY','EA','000000201','HALB','2019-01-10','2019-04-17'),('BMW_M3_GTR','EA','000000001','FERT','2017-02-01','2025-05-30'),('BMW_M6','EA','000000001','FERT','2018-01-07','2020-01-01'),('BMW_V8 8 CYLINDER','EA','000000140','HLAB','2018-01-07','2020-01-01'),('CACHE 2 CYLINDER','EA','000000140','HLAB','2017-04-07','2020-01-01'),('CHAVELLE COUP','EA','000000040','ROH','2017-04-07','2019-09-05'),('CORVETTE_C6','EA','000000001','FERT','2015-08-09','2021-07-09'),('DEKA 410 AMP MOWER BAT','EA','000000201','ROH','2019-03-14','2019-03-29'),('DODGE_CRUiZE','EA','000000001','FERT','2019-03-14','2019-03-29'),('DODGE_VOYAGE','EA','000000001','FERT','2018-02-01','2020-02-01'),('DURALAST ','EA','000000201','HALB','2019-01-19','2019-08-10'),('EVERSTART LEAD ACID BAT','EA','000000201','ROH','2019-02-01','2019-05-30'),('FERRARI','EA','000000001','FERT','2017-02-01','2025-05-30'),('FERRARI_458ITALIA','EA','000000001','FERT','2016-06-08','2020-05-09'),('FERRARI_F50','EA','000000001','FERT','2017-02-10','2019-07-27'),('FLM_BMW_K3','EA','000000701','HALB','2017-02-01','2019-05-30'),('FORD 2.3L CRATE ENGINE','EA','000000140','HLAB','2019-03-07','2019-04-18'),('FORD_GT90','EA','000000001','FERT','2019-05-08','2020-04-06'),('FORD_MUSTANG_GT','EA','000000001','FERT','2015-04-01','2024-06-09'),('FUEL OFFROAD DF531','EA','000000701','HALB','2016-06-08','2020-05-09'),('GOLF_GTI','EA','000000001','FERT','2019-01-19','2019-08-10'),('HAYNES V8 2.8L','EA','000000140','ROH','2018-06-05','2021-08-04'),('HONDA_ACCORD','EA','000000001','FERT','2019-02-16','2019-05-17'),('HONDA_CITY','EA','000000001','FERT','2019-02-01','2020-04-15'),('HONDA_CRV','EA','000000001','FERT','2019-01-01','2019-12-12'),('HONDA_JAZZ','EA','000000001','FERT','2017-04-07','2020-01-01'),('HYUNDAI SANTRO','EA','000000001','FERT','2018-01-01','2021-01-01'),('iDEAL FR 55 MINIM','EA','000000040','HALB','2019-04-01','2020-05-01'),('INTIGY STEEL ROLL CAGE','EA','000000040','ROH','2020-01-02','2020-05-03'),('JAGUAR_F4','EA','000000001','FERT','2017-02-01','2019-05-30'),('JAGUAR_FTYPE','EA','000000001','FERT','2019-01-10','2019-04-17'),('KOHLER SGT','EA','000000140','ROH','2019-05-08','2020-04-06'),('MARUTI_ALTO','EA','000000001','FERT','2019-04-01','2020-05-01'),('MARUTI_ZEN','EA','000000001','FERT','2019-02-10','2019-04-20'),('MASSERATI_NEON','EA','000000001','FERT','2019-02-01','2019-05-30'),('MCLAREN_F1','EA','000000001','FERT','2015-05-07','2019-08-08'),('MCLAREN_P1','EA','000000001','FERT','2018-01-07','2020-01-01'),('MERCEDES_AMG_GT_ROADSTER','EA','000000001','FERT','2015-04-01','2024-06-09'),('MERCEDES_C300','EA','000000001','FERT','2010-01-02','2015-04-05'),('MERCEDES_C300_COUPE','EA','000000001','FERT','2017-05-04','2019-08-08'),('MTB 4 CYLINDER','EA','000000140','ROH','2010-01-02','2015-04-05'),('NISSAN_350Z','EA','000000001','FERT','2019-02-10','2019-06-08'),('NISSAN_DUSTER','EA','000000001','FERT','2019-03-07','2019-04-18'),('NISSAN_GTR','EA','000000001','FERT','2018-02-10','2019-04-20'),('NISSAN_GTR_COUPE','EA','000000001','FERT','2017-04-07','2019-09-05'),('NORTHSTAR','EA','000000201','ROH','2019-02-16','2019-05-17'),('OPTIMA RED TOP BATTERY','EA','000000201','HALB','2019-02-10','2019-04-20'),('PLATINUM AG3 BATTERY','EA','000000201','HALB','2019-02-10','2019-03-15'),('PORSCHE_911','EA','000000001','FERT','2020-01-02','2020-05-03'),('PORSCHE_918_SPYDER','EA','000000001','FERT','2017-04-07','2019-09-05'),('PORSCHE_CARRERA_GT','EA','000000001','FERT','2019-02-10','2019-03-15'),('PORSCHE_CAYANNE','EA','000000001','FERT','2015-03-01','2025-09-30'),('re-INF FRAME GAUGE','EA','000000040','HALB','2018-02-01','2020-02-01'),('REPLIKAZ ALLOY','EA','000000701','ROH','2015-05-07','2019-08-08'),('SIMS_BMW_ROLL PINS','EA','000000701','HALB','2015-08-09','2021-07-09'),('SMITHSONIAN 4 CYLINDER','EA','000000140','HLAB','2019-02-01','2020-04-15'),('TAMIYA 70112 BUGGY CHASSIS','EA','000000040','HALB','2019-02-10','2019-06-08'),('TELSLA_MODEL_S','EA','000000001','FERT','2017-02-10','2019-07-27'),('TESLA_MODEL_3','EA','000000001','FERT','2016-06-08','2020-05-09'),('TESLA_MODEL_X','EA','000000001','FERT','2020-01-02','2020-05-03'),('TESLA_ROADSTER','EA','000000001','FERT','2018-02-10','2019-04-20'),('TOP DEEP CYCLE BATTERY','EA','000000201','HALB','2018-02-10','2019-04-20'),('TOUREN TR60 ','EA','000000701','HLAB','2017-05-04','2019-08-08'),('TOYOTA_SUV','EA','000000001','FERT','2018-06-05','2021-08-04'),('VEINS_S8 BMW 4.3L','EA','000000140','HALB','2018-01-01','2021-01-01');
/*!40000 ALTER TABLE `MARA` ENABLE KEYS */;
UNLOCK TABLES;

--
-- Table structure for table `MAST`
--

DROP TABLE IF EXISTS `MAST`;
/*!40101 SET @saved_cs_client     = @@character_set_client */;
/*!40101 SET character_set_client = utf8 */;
CREATE TABLE `MAST` (
  `MATNR` varchar(255) NOT NULL,
  `STLNR` varchar(255) NOT NULL,
  `STLAL` varchar(255) NOT NULL,
  `STLAN` varchar(255) NOT NULL,
  `WERKS` varchar(255) NOT NULL,
  `LOSVN` int(11) DEFAULT NULL,
  `LOSBS` int(11) DEFAULT NULL,
  PRIMARY KEY (`MATNR`,`STLNR`,`STLAL`,`STLAN`,`WERKS`)
) ENGINE=InnoDB DEFAULT CHARSET=latin1;
/*!40101 SET character_set_client = @saved_cs_client */;

--
-- Dumping data for table `MAST`
--

LOCK TABLES `MAST` WRITE;
/*!40000 ALTER TABLE `MAST` DISABLE KEYS */;
INSERT INTO `MAST` VALUES ('ACURA_NSX','00000024','01','01','Philadelphia',0,200),('AUDI_A4','00000053','01','01','London',0,50),('AUDI_A5','00000054','01','01','London',0,200),('AUDI_A6','00000055','01','01','London',0,100),('AUDI_COUPE','00000056','01','01','London',10,20),('AUDI_TT','00000057','01','01','Boston',10,50),('BMW_M3_GTR','00000011','01','01','Seattle',0,100),('BMW_M3_GTR','00000011','02','01','Seattle',0,50),('BMW_M3_GTR','00000012','01','01','Philadelphia',0,200),('BMW_M3_GTR','00000012','02','01','Philadelphia',0,100),('BMW_M3_GTR','00000012','03','01','Philadelphia',10,20),('BMW_M6','00000063','01','01','Philadelphia',0,50),('CORVETTE_C6','00000039','01','01','Philadelphia',0,100),('DODGE_CRUiZE','00000042','01','01','London',10,60),('DODGE_VOYAGE','00000043','01','01','London',10,90),('FERRARI','00000022','01','01','Seattle',0,100),('FERRARI_458ITALIA','00000028','01','01','London',10,60),('FERRARI_F50','00000029','01','01','London',10,90),('FORD_GT90','00000034','01','01','Texas',0,40),('FORD_MUSTANG_GT','00000023','01','01','Seattle',0,50),('GOLF_GTI','00000040','01','01','London',10,20),('HONDA_ACCORD','00000047','01','01','Texas',0,50),('HONDA_CITY','00000048','01','01','Seattle',0,40),('HONDA_CRV','00000046','01','01','Boston',0,10),('HONDA_JAZZ','00000049','01','01','Seattle',10,60),('HYUNDAI SANTRO','00000038','01','01','Philadelphia',0,200),('JAGUAR_F4','00000044','01','01','Boston',10,20),('JAGUAR_FTYPE','00000035','01','01','Seattle',10,20),('MARUTI_ALTO','00000037','01','01','Philadelphia',0,50),('MARUTI_ZEN','00000036','01','01','Seattle',0,100),('MASSERATI_NEON','00000045','01','01','Boston',0,10),('MCLAREN_F1','00000033','01','01','Boston',0,50),('MCLAREN_P1','00000032','01','01','Boston',0,10),('MERCEDES_AMG_GT_ROADSTER','00000020','01','01','Boston',0,10),('MERCEDES_AMG_GT_ROADSTER','00000020','02','01','Boston',0,10),('MERCEDES_AMG_GT_ROADSTER','00000020','03','01','Boston',0,50),('MERCEDES_AMG_GT_ROADSTER','00000021','01','01','Texas',0,40),('MERCEDES_C300','00000051','01','01','Philadelphia',0,40),('MERCEDES_C300_COUPE','00000052','01','01','Philadelphia',0,100),('NISSAN_350Z','00000026','01','01','Philadelphia',10,20),('NISSAN_DUSTER','00000050','01','01','Philadelphia',10,20),('NISSAN_GTR','00000027','01','01','London',10,50),('NISSAN_GTR_COUPE','00000062','01','01','Seattle',0,10),('PORSCHE_911','00000030','01','01','London',10,20),('PORSCHE_918_SPYDER','00000031','01','01','Boston',0,10),('PORSCHE_CARRERA_GT','00000025','01','01','Philadelphia',0,100),('PORSCHE_CAYANNE','00000013','01','01','London',10,50),('PORSCHE_CAYANNE','00000013','02','01','London',10,60),('PORSCHE_CAYANNE','00000014','01','01','London',10,90),('PORSCHE_CAYANNE','00000015','01','01','London',10,20),('TELSLA_MODEL_S','00000060','01','01','Texas',10,20),('TESLA_MODEL_3','00000059','01','01','Boston',10,90),('TESLA_MODEL_X','00000061','01','01','Seattle',0,10),('TESLA_ROADSTER','00000058','01','01','Boston',10,60),('TOYOTA_SUV','00000041','01','01','London',10,50);
/*!40000 ALTER TABLE `MAST` ENABLE KEYS */;
UNLOCK TABLES;

--
-- Table structure for table `MISCELLANEOUS`
--

DROP TABLE IF EXISTS `MISCELLANEOUS`;
/*!40101 SET @saved_cs_client     = @@character_set_client */;
/*!40101 SET character_set_client = utf8 */;
CREATE TABLE `MISCELLANEOUS` (
  `STORAGE_LOCATION` varchar(255) DEFAULT NULL,
  `MATERIAL_GROUP` varchar(255) DEFAULT NULL,
  `PURCHASING_GROUP` varchar(255) DEFAULT NULL,
  `AVAILABILITY` varchar(255) DEFAULT NULL,
  `STOCK` int(11) DEFAULT NULL,
  `MRP_GROUP` varchar(255) DEFAULT NULL,
  `STLNR` varchar(255) NOT NULL,
  `STLKN` varchar(255) NOT NULL,
  `STPOZ` varchar(255) NOT NULL,
  `WERKS` varchar(255) DEFAULT NULL,
  `VOLUME` char(255) DEFAULT NULL,
  PRIMARY KEY (`STLNR`,`STLKN`,`STPOZ`)
) ENGINE=InnoDB DEFAULT CHARSET=latin1;
/*!40101 SET character_set_client = @saved_cs_client */;

--
-- Dumping data for table `MISCELLANEOUS`
--

LOCK TABLES `MISCELLANEOUS` WRITE;
/*!40000 ALTER TABLE `MISCELLANEOUS` DISABLE KEYS */;
INSERT INTO `MISCELLANEOUS` VALUES ('London','000000201','','770',1471,'10','00000011','00000001','00000001','Seattle','10'),('London','000000140','00000002','36',324,'','00000011','00000001','00000002','Seattle','8'),('Miami','000000040','00000003','2589',6587,'','00000011','00000001','00000003','Seattle','6'),('Miami','000000701','','15',102,'10','00000011','00000001','00000004','Seattle','8'),('Toronto','000000201','00000001','3',3,'','00000012','00000002','00000001','Philadelphia','9'),('Toronto','000000140','00000002','522',900,'','00000012','00000002','00000002','Philadelphia','7'),('Vancouver','000000040','00000003','412',554,'','00000012','00000002','00000003','Philadelphia','8'),('Vancouver','000000701','','28',128,'20','00000012','00000002','00000004','Philadelphia','10'),('London','000000201','00000001','612',1114,'','00000013','00000003','00000001','London','7'),('London','000000140','00000002','14',54,'','00000013','00000003','00000002','London','8'),('Miami','000000040','00000003','321',954,'','00000013','00000003','00000003','London','9'),('Miami','000000701','00000004','412',748,'','00000013','00000003','00000004','London','8'),('Toronto','000000201','','120',471,'10','00000014','00000004','00000001','London','5'),('Toronto','000000140','','87',130,'20','00000014','00000004','00000002','London','9'),('Vancouver','000000040','00000003','140',280,'','00000014','00000004','00000003','London','7'),('Vancouver','000000701','','3214',6412,'10','00000014','00000004','00000004','London','9'),('London','000000201','','78',3247,'20','00000015','00000005','00000001','London','8'),('London','000000140','00000002','11',61,'','00000015','00000005','00000002','London','9'),('Miami','000000040','00000003','64',199,'','00000015','00000005','00000003','London','10'),('Miami','000000701','00000004','48',654,'','00000015','00000005','00000004','London','8'),('Toronto','000000201','00000001','198',774,'','00000020','00000006','00000001','Boston','10'),('Toronto','000000140','00000002','176',309,'','00000020','00000006','00000002','Boston','5'),('Vancouver','000000040','00000003','2410',3008,'','00000020','00000006','00000003','Boston','10'),('Vancouver','000000701','00000004','610',1687,'','00000020','00000006','00000004','Boston','9'),('London','000000201','00000001','79',612,'','00000021','00000007','00000001','Texas','8'),('London','000000140','00000002','99',421,'','00000021','00000007','00000002','Texas','5'),('Miami','000000040','00000003','67',621,'','00000021','00000007','00000003','Texas','5'),('Miami','000000701','00000004','364',997,'','00000021','00000007','00000004','Texas','6'),('London','000000201','','770',1471,'10','00000022','00000001','00000001','Seattle','8'),('London','000000140','00000002','36',324,'','00000022','00000001','00000002','Seattle','7'),('Miami','000000040','00000003','2589',6587,'','00000022','00000001','00000003','Seattle','5'),('Miami','000000701','','15',102,'10','00000022','00000001','00000004','Seattle','8'),('Toronto','000000201','00000001','3',3,'','00000023','00000002','00000001','Seattle','9'),('Toronto','000000140','00000002','522',900,'','00000023','00000002','00000002','Seattle','5'),('Vancouver','000000040','00000003','412',554,'','00000023','00000002','00000003','Seattle','5'),('Vancouver','000000701','','28',128,'20','00000023','00000002','00000004','Seattle','6'),('London','000000201','00000001','612',1114,'','00000024','00000003','00000001','Philadelphia','10'),('London','000000140','00000002','14',54,'','00000024','00000003','00000002','Philadelphia','10'),('Miami','000000040','00000003','321',954,'','00000024','00000003','00000003','Philadelphia','8'),('Miami','000000701','00000004','412',748,'','00000024','00000003','00000004','Philadelphia','8'),('Toronto','000000201','','120',471,'10','00000025','00000004','00000001','Philadelphia','5'),('Toronto','000000140','','87',130,'20','00000025','00000004','00000002','Philadelphia','8'),('Vancouver','000000040','00000003','140',280,'','00000025','00000004','00000003','Philadelphia','9'),('Vancouver','000000701','','3214',6412,'10','00000025','00000004','00000004','Philadelphia','9'),('London','000000201','','78',3247,'20','00000026','00000005','00000001','Philadelphia','8'),('London','000000140','00000002','11',61,'','00000026','00000005','00000002','Philadelphia','5'),('Miami','000000040','00000003','64',199,'','00000026','00000005','00000003','Philadelphia','5'),('Miami','000000701','00000004','48',654,'','00000026','00000005','00000004','Philadelphia','7'),('Toronto','000000201','00000001','198',774,'','00000027','00000006','00000001','London','7'),('Toronto','000000140','00000002','176',309,'','00000027','00000006','00000002','London','7'),('Vancouver','000000040','00000003','2410',3008,'','00000027','00000006','00000003','London','9'),('Vancouver','000000701','00000004','610',1687,'','00000027','00000006','00000004','London','6'),('London','000000201','00000001','79',612,'','00000028','00000007','00000001','London','7'),('London','000000140','00000002','99',421,'','00000028','00000007','00000002','London','6'),('Miami','000000040','00000003','67',621,'','00000028','00000007','00000003','London','10'),('Miami','000000701','00000004','364',997,'','00000028','00000007','00000004','London','5'),('London','000000201','','770',1471,'10','00000029','00000001','00000001','London','9'),('London','000000140','00000002','36',324,'','00000029','00000001','00000002','London','5'),('Miami','000000040','00000003','2589',6587,'','00000029','00000001','00000003','London','7'),('Miami','000000701','','15',102,'10','00000029','00000001','00000004','London','9'),('Toronto','000000201','00000001','3',3,'','00000030','00000002','00000001','London','7'),('Toronto','000000140','00000002','522',900,'','00000030','00000002','00000002','London','8'),('Vancouver','000000040','00000003','412',554,'','00000030','00000002','00000003','London','10'),('Vancouver','000000701','','28',128,'20','00000030','00000002','00000004','London','8'),('London','000000201','00000001','612',1114,'','00000031','00000003','00000001','Boston','7'),('London','000000140','00000002','14',54,'','00000031','00000003','00000002','Boston','5'),('Miami','000000040','00000003','321',954,'','00000031','00000003','00000003','Boston','5'),('Miami','000000701','00000004','412',748,'','00000031','00000003','00000004','Boston','10'),('Toronto','000000201','','120',471,'10','00000032','00000004','00000001','Boston','10'),('Toronto','000000140','','87',130,'20','00000032','00000004','00000002','Boston','9'),('Vancouver','000000040','00000003','140',280,'','00000032','00000004','00000003','Boston','9'),('Vancouver','000000701','','3214',6412,'10','00000032','00000004','00000004','Boston','7'),('London','000000201','','78',3247,'20','00000033','00000005','00000001','Boston','5'),('London','000000140','00000002','11',61,'','00000033','00000005','00000002','Boston','9'),('Miami','000000040','00000003','64',199,'','00000033','00000005','00000003','Boston','9'),('Miami','000000701','00000004','48',654,'','00000033','00000005','00000004','Boston','9'),('Toronto','000000201','00000001','198',774,'','00000034','00000006','00000001','Texas','8'),('Toronto','000000140','00000002','176',309,'','00000034','00000006','00000002','Texas','7'),('Vancouver','000000040','00000003','2410',3008,'','00000034','00000006','00000003','Texas','5'),('Vancouver','000000701','00000004','610',1687,'','00000034','00000006','00000004','Texas','8'),('London','000000201','00000001','79',612,'','00000035','00000007','00000001','Seattle','8'),('London','000000140','00000002','99',421,'','00000035','00000007','00000002','Seattle','9'),('Miami','000000040','00000003','67',621,'','00000035','00000007','00000003','Seattle','8'),('Miami','000000701','00000004','364',997,'','00000035','00000007','00000004','Seattle','8'),('London','000000201','','770',1471,'10','00000036','00000001','00000001','Seattle','9'),('London','000000140','00000002','36',324,'','00000036','00000001','00000002','Seattle','7'),('Miami','000000040','00000003','2589',6587,'','00000036','00000001','00000003','Seattle','9'),('Miami','000000701','','15',102,'10','00000036','00000001','00000004','Seattle','6'),('Toronto','000000201','00000001','3',3,'','00000037','00000002','00000001','Philadelphia','10'),('Toronto','000000140','00000002','522',900,'','00000037','00000002','00000002','Philadelphia','10'),('Vancouver','000000040','00000003','412',554,'','00000037','00000002','00000003','Philadelphia','5'),('Vancouver','000000701','','28',128,'20','00000037','00000002','00000004','Philadelphia','6'),('London','000000201','00000001','612',1114,'','00000038','00000003','00000001','Philadelphia','10'),('London','000000140','00000002','14',54,'','00000038','00000003','00000002','Philadelphia','5'),('Miami','000000040','00000003','321',954,'','00000038','00000003','00000003','Philadelphia','7'),('Miami','000000701','00000004','412',748,'','00000038','00000003','00000004','Philadelphia','6'),('Toronto','000000201','','120',471,'10','00000039','00000004','00000001','Philadelphia','5'),('Toronto','000000140','','87',130,'20','00000039','00000004','00000002','Philadelphia','6'),('Vancouver','000000040','00000003','140',280,'','00000039','00000004','00000003','Philadelphia','5'),('Vancouver','000000701','','3214',6412,'10','00000039','00000004','00000004','Philadelphia','7'),('London','000000201','','78',3247,'20','00000040','00000005','00000001','London','5'),('London','000000140','00000002','11',61,'','00000040','00000005','00000002','London','6'),('Miami','000000040','00000003','64',199,'','00000040','00000005','00000003','London','8'),('Miami','000000701','00000004','48',654,'','00000040','00000005','00000004','London','7'),('Toronto','000000201','00000001','198',774,'','00000041','00000006','00000001','London','7'),('Toronto','000000140','00000002','176',309,'','00000041','00000006','00000002','London','9'),('Vancouver','000000040','00000003','2410',3008,'','00000041','00000006','00000003','London','7'),('Vancouver','000000701','00000004','610',1687,'','00000041','00000006','00000004','London','10'),('London','000000201','00000001','79',612,'','00000042','00000007','00000001','London','6'),('London','000000140','00000002','99',421,'','00000042','00000007','00000002','London','9'),('Miami','000000040','00000003','67',621,'','00000042','00000007','00000003','London','8'),('Miami','000000701','00000004','364',997,'','00000042','00000007','00000004','London','5'),('London','000000201','','770',1471,'10','00000043','00000001','00000001','London','7'),('London','000000140','00000002','36',324,'','00000043','00000001','00000002','London','5'),('Miami','000000040','00000003','2589',6587,'','00000043','00000001','00000003','London','7'),('Miami','000000701','','15',102,'10','00000043','00000001','00000004','London','7'),('Toronto','000000201','00000001','3',3,'','00000044','00000002','00000001','Boston','9'),('Toronto','000000140','00000002','522',900,'','00000044','00000002','00000002','Boston','10'),('Vancouver','000000040','00000003','412',554,'','00000044','00000002','00000003','Boston','10'),('Vancouver','000000701','','28',128,'20','00000044','00000002','00000004','Boston','6'),('London','000000201','00000001','612',1114,'','00000045','00000003','00000001','Boston','8'),('London','000000140','00000002','14',54,'','00000045','00000003','00000002','Boston','5'),('Miami','000000040','00000003','321',954,'','00000045','00000003','00000003','Boston','9'),('Miami','000000701','00000004','412',748,'','00000045','00000003','00000004','Boston','7'),('Toronto','000000201','','120',471,'10','00000046','00000004','00000001','Boston','5'),('Toronto','000000140','','87',130,'20','00000046','00000004','00000002','Boston','5'),('Vancouver','000000040','00000003','140',280,'','00000046','00000004','00000003','Boston','7'),('Vancouver','000000701','','3214',6412,'10','00000046','00000004','00000004','Boston','8'),('London','000000201','','78',3247,'20','00000047','00000005','00000001','Texas','9'),('London','000000140','00000002','11',61,'','00000047','00000005','00000002','Texas','10'),('Miami','000000040','00000003','64',199,'','00000047','00000005','00000003','Texas','8'),('Miami','000000701','00000004','48',654,'','00000047','00000005','00000004','Texas','9'),('Toronto','000000201','00000001','198',774,'','00000048','00000006','00000001','Seattle','7'),('Toronto','000000140','00000002','176',309,'','00000048','00000006','00000002','Seattle','8'),('Vancouver','000000040','00000003','2410',3008,'','00000048','00000006','00000003','Seattle','7'),('Vancouver','000000701','00000004','610',1687,'','00000048','00000006','00000004','Seattle','9'),('London','000000201','00000001','79',612,'','00000049','00000007','00000001','Seattle','6'),('London','000000140','00000002','99',421,'','00000049','00000007','00000002','Seattle','5'),('Miami','000000040','00000003','67',621,'','00000049','00000007','00000003','Seattle','8'),('Miami','000000701','00000004','364',997,'','00000049','00000007','00000004','Seattle','7'),('London','000000201','','770',1471,'10','00000050','00000001','00000001','Philadelphia','9'),('London','000000140','00000002','36',324,'','00000050','00000001','00000002','Philadelphia','8'),('Miami','000000040','00000003','2589',6587,'','00000050','00000001','00000003','Philadelphia','8'),('Miami','000000701','','15',102,'10','00000050','00000001','00000004','Philadelphia','7'),('Toronto','000000201','00000001','3',3,'','00000051','00000002','00000001','Philadelphia','5'),('Toronto','000000140','00000002','522',900,'','00000051','00000002','00000002','Philadelphia','7'),('Vancouver','000000040','00000003','412',554,'','00000051','00000002','00000003','Philadelphia','7'),('Vancouver','000000701','','28',128,'20','00000051','00000002','00000004','Philadelphia','9'),('London','000000201','00000001','612',1114,'','00000052','00000003','00000001','Philadelphia','9'),('London','000000140','00000002','14',54,'','00000052','00000003','00000002','Philadelphia','8'),('Miami','000000040','00000003','321',954,'','00000052','00000003','00000003','Philadelphia','8'),('Miami','000000701','00000004','412',748,'','00000052','00000003','00000004','Philadelphia','10'),('Toronto','000000201','','120',471,'10','00000053','00000004','00000001','London','5'),('Toronto','000000140','','87',130,'20','00000053','00000004','00000002','London','9'),('Vancouver','000000040','00000003','140',280,'','00000053','00000004','00000003','London','8'),('Vancouver','000000701','','3214',6412,'10','00000053','00000004','00000004','London','7'),('London','000000201','','78',3247,'20','00000054','00000005','00000001','London','6'),('London','000000140','00000002','11',61,'','00000054','00000005','00000002','London','7'),('Miami','000000040','00000003','64',199,'','00000054','00000005','00000003','London','7'),('Miami','000000701','00000004','48',654,'','00000054','00000005','00000004','London','7'),('Toronto','000000201','00000001','198',774,'','00000055','00000006','00000001','London','8'),('Toronto','000000140','00000002','176',309,'','00000055','00000006','00000002','London','6'),('Vancouver','000000040','00000003','2410',3008,'','00000055','00000006','00000003','London','7'),('Vancouver','000000701','00000004','610',1687,'','00000055','00000006','00000004','London','6'),('London','000000201','00000001','79',612,'','00000056','00000007','00000001','London','5'),('London','000000140','00000002','99',421,'','00000056','00000007','00000002','London','8'),('Miami','000000040','00000003','67',621,'','00000056','00000007','00000003','London','10'),('Miami','000000701','00000004','364',997,'','00000056','00000007','00000004','London','10'),('London','000000201','','770',1471,'10','00000057','00000001','00000001','Boston','7'),('London','000000140','00000002','36',324,'','00000057','00000001','00000002','Boston','8'),('Miami','000000040','00000003','2589',6587,'','00000057','00000001','00000003','Boston','10'),('Miami','000000701','','15',102,'10','00000057','00000001','00000004','Boston','9'),('Toronto','000000201','00000001','3',3,'','00000058','00000002','00000001','Boston','5'),('Toronto','000000140','00000002','522',900,'','00000058','00000002','00000002','Boston','6'),('Vancouver','000000040','00000003','412',554,'','00000058','00000002','00000003','Boston','5'),('Vancouver','000000701','','28',128,'20','00000058','00000002','00000004','Boston','9'),('London','000000201','00000001','612',1114,'','00000059','00000003','00000001','Boston','6'),('London','000000140','00000002','14',54,'','00000059','00000003','00000002','Boston','7'),('Miami','000000040','00000003','321',954,'','00000059','00000003','00000003','Boston','9'),('Miami','000000701','00000004','412',748,'','00000059','00000003','00000004','Boston','5'),('Toronto','000000201','','120',471,'10','00000060','00000004','00000001','Texas','10'),('Toronto','000000140','','87',130,'20','00000060','00000004','00000002','Texas','7'),('Vancouver','000000040','00000003','140',280,'','00000060','00000004','00000003','Texas','8'),('Vancouver','000000701','','3214',6412,'10','00000060','00000004','00000004','Texas','7'),('London','000000201','','78',3247,'20','00000061','00000005','00000001','Seattle','7'),('London','000000140','00000002','11',61,'','00000061','00000005','00000002','Seattle','5'),('Miami','000000040','00000003','64',199,'','00000061','00000005','00000003','Seattle','5'),('Miami','000000701','00000004','48',654,'','00000061','00000005','00000004','Seattle','6'),('Toronto','000000201','00000001','198',774,'','00000062','00000006','00000001','Seattle','5'),('Toronto','000000140','00000002','176',309,'','00000062','00000006','00000002','Seattle','8'),('Vancouver','000000040','00000003','2410',3008,'','00000062','00000006','00000003','Seattle','7'),('Vancouver','000000701','00000004','610',1687,'','00000062','00000006','00000004','Seattle','9'),('London','000000201','00000001','79',612,'','00000063','00000007','00000001','Philadelphia','8'),('London','000000140','00000002','99',421,'','00000063','00000007','00000002','Philadelphia','6'),('Miami','000000040','00000003','67',621,'','00000063','00000007','00000003','Philadelphia','7'),('Miami','000000701','00000004','364',997,'','00000063','00000007','00000004','Philadelphia','7');
/*!40000 ALTER TABLE `MISCELLANEOUS` ENABLE KEYS */;
UNLOCK TABLES;

--
-- Table structure for table `STKO`
--

DROP TABLE IF EXISTS `STKO`;
/*!40101 SET @saved_cs_client     = @@character_set_client */;
/*!40101 SET character_set_client = utf8 */;
CREATE TABLE `STKO` (
  `STLNR` varchar(255) NOT NULL,
  `STKOZ` varchar(255) NOT NULL,
  `DATUV` date DEFAULT NULL,
  `VALID_TO` date DEFAULT NULL,
  `BMEIN` varchar(255) DEFAULT NULL,
  `BMENG` int(11) DEFAULT NULL,
  `AENNR` varchar(255) DEFAULT NULL,
  `STLAL` varchar(255) NOT NULL
) ENGINE=InnoDB DEFAULT CHARSET=latin1;
/*!40101 SET character_set_client = @saved_cs_client */;

--
-- Dumping data for table `STKO`
--

LOCK TABLES `STKO` WRITE;
/*!40000 ALTER TABLE `STKO` DISABLE KEYS */;
INSERT INTO `STKO` VALUES ('00000011','00000001','2017-03-16','2018-06-18','EA',15,'','01'),('00000012','00000002','2018-07-18','2021-03-25','EA',30,'BMW_CH1','01'),('00000013','00000003','2015-05-06','2021-04-06','EA',15,'POR_CH','01'),('00000014','00000004','2018-04-19','2022-07-07','EA',20,'POR_CH1','01'),('00000015','00000005','2019-02-07','2020-01-01','EA',10,'','01'),('00000020','00000006','2017-03-09','2023-01-20','EA',15,'MERC_CH1','01'),('00000021','00000007','2019-05-02','2024-02-28','EA',33,'','01'),('00000022','00000008','2017-03-16','2018-06-18','EA',34,'','01'),('00000023','00000009','2018-07-18','2021-03-25','EA',35,'','01'),('00000024','00000010','2015-05-06','2021-04-06','EA',36,'','01'),('00000025','00000011','2018-04-19','2022-07-07','EA',37,'','01'),('00000026','00000012','2019-02-07','2020-01-01','EA',38,'BMW_CH1','01'),('00000027','00000013','2017-03-09','2023-01-20','EA',39,'POR_CH','01'),('00000028','00000014','2019-05-02','2024-02-28','EA',40,'POR_CH1','01'),('00000029','00000015','2017-03-16','2018-06-18','EA',41,'','01'),('00000030','00000016','2018-07-18','2021-03-25','EA',42,'MERC_CH1','01'),('00000031','00000017','2015-05-06','2021-04-06','EA',43,'','01'),('00000032','00000018','2018-04-19','2022-07-07','EA',15,'','01'),('00000033','00000019','2019-02-07','2020-01-01','EA',30,'','01'),('00000034','00000020','2017-03-09','2023-01-20','EA',15,'BMW_CH1','01'),('00000035','00000021','2019-05-02','2024-02-28','EA',20,'POR_CH','01'),('00000036','00000022','2017-03-16','2018-06-18','EA',10,'POR_CH1','01'),('00000037','00000023','2018-07-18','2021-03-25','EA',15,'','01'),('00000038','00000024','2015-05-06','2021-04-06','EA',33,'MERC_CH1','01'),('00000039','00000025','2018-04-19','2022-07-07','EA',34,'','01'),('00000040','00000026','2019-02-07','2020-01-01','EA',35,'','01'),('00000041','00000027','2017-03-09','2023-01-20','EA',15,'','01'),('00000042','00000028','2019-05-02','2024-02-28','EA',30,'','01'),('00000043','00000029','2017-03-16','2018-06-18','EA',15,'','01'),('00000044','00000030','2018-07-18','2021-03-25','EA',20,'','01'),('00000045','00000031','2015-05-06','2021-04-06','EA',10,'BMW_CH1','01'),('00000046','00000032','2018-04-19','2022-07-07','EA',15,'POR_CH','01'),('00000047','00000033','2019-02-07','2020-01-01','EA',33,'POR_CH1','01'),('00000048','00000034','2017-03-09','2023-01-20','EA',34,'','01'),('00000049','00000035','2019-05-02','2024-02-28','EA',35,'MERC_CH1','01'),('00000050','00000036','2017-03-16','2018-06-18','EA',15,'','01'),('00000051','00000037','2018-07-18','2021-03-25','EA',30,'','01'),('00000052','00000038','2015-05-06','2021-04-06','EA',15,'','01'),('00000053','00000039','2018-04-19','2022-07-07','EA',20,'','01'),('00000054','00000040','2019-02-07','2020-01-01','EA',10,'','01'),('00000055','00000041','2017-03-09','2023-01-20','EA',15,'','01'),('00000056','00000042','2019-05-02','2024-02-28','EA',33,'BMW_CH1','01'),('00000057','00000043','2017-03-16','2018-06-18','EA',34,'POR_CH','01'),('00000058','00000044','2018-07-18','2021-03-25','EA',35,'POR_CH1','01'),('00000059','00000045','2015-05-06','2021-04-06','EA',15,'','01'),('00000060','00000046','2018-04-19','2022-07-07','EA',30,'MERC_CH1','01'),('00000061','00000047','2019-02-07','2020-01-01','EA',15,'','01'),('00000062','00000048','2017-03-09','2023-01-20','EA',20,'','01'),('00000063','00000049','2019-05-02','2024-02-28','EA',10,'','01');
/*!40000 ALTER TABLE `STKO` ENABLE KEYS */;
UNLOCK TABLES;

--
-- Table structure for table `STPO`
--

DROP TABLE IF EXISTS `STPO`;
/*!40101 SET @saved_cs_client     = @@character_set_client */;
/*!40101 SET character_set_client = utf8 */;
CREATE TABLE `STPO` (
  `STLNR` char(255) NOT NULL,
  `STLKN` char(255) NOT NULL,
  `STPOZ` char(255) NOT NULL,
  `DATUV` date DEFAULT NULL,
  `IDNRK` char(255) DEFAULT NULL,
  `MEINS` char(255) DEFAULT NULL,
  `MENGE` char(255) DEFAULT NULL,
  `EKGRP` char(255) DEFAULT NULL,
  `MATKL` char(255) DEFAULT NULL,
  PRIMARY KEY (`STLNR`,`STLKN`,`STPOZ`)
) ENGINE=InnoDB DEFAULT CHARSET=latin1;
/*!40101 SET character_set_client = @saved_cs_client */;

--
-- Dumping data for table `STPO`
--

LOCK TABLES `STPO` WRITE;
/*!40000 ALTER TABLE `STPO` DISABLE KEYS */;
INSERT INTO `STPO` VALUES ('00000011','00000001','00000001','2017-03-16','AUTOMOTIVE BATTERY','EA','1','','000000201'),('00000011','00000001','00000002','2017-03-16','CACHE 2 CYLINDER','EA','2','00000002','000000140'),('00000011','00000001','00000003','2017-03-16','CHAVELLE COUP','EA','4','00000003','000000040'),('00000011','00000001','00000004','2017-03-16','FLM_BMW_K3','EA','4','','000000701'),('00000012','00000002','00000001','2018-07-18','TOP DEEP CYCLE BATTERY','EA','1','00000001','000000201'),('00000012','00000002','00000002','2018-07-18','HAYNES V8 2.8L','EA','1','00000002','000000140'),('00000012','00000002','00000003','2018-07-18','re-INF FRAME GAUGE','EA','10','00000003','000000040'),('00000012','00000002','00000004','2018-07-18','SIMS_BMW_ROLL PINS','EA','4','','000000701'),('00000013','00000003','00000001','2018-02-10','OPTIMA RED TOP BATTERY','EA','1','00000001','000000201'),('00000013','00000003','00000002','2019-03-07','FORD 2.3L CRATE ENGINE','EA','1','00000002','000000140'),('00000013','00000003','00000003','2020-01-02','INTIGY STEEL ROLL CAGE','EA','1','00000003','000000040'),('00000013','00000003','00000004','2017-05-04','TOUREN TR60','EA','4','00000004','000000701'),('00000014','00000004','00000001','2017-02-10','AUTOMOTIVE BATTERY','EA','1','','000000201'),('00000014','00000004','00000002','2018-01-01','VEINS_S8 BMW 4.3L','EA','1','','000000140'),('00000014','00000004','00000003','2019-02-10','TAMIYA 70112 BUGGY CHASSIS','EA','1','00000003','000000040'),('00000014','00000004','00000004','2017-02-01','FLM_BMW_K3','EA','4','','000000701'),('00000015','00000005','00000001','2019-01-10','BMW_FDZ BATTERY','EA','1','','000000201'),('00000015','00000005','00000002','2019-03-07','FORD 2.3L CRATE ENGINE','EA','2','00000002','000000140'),('00000015','00000005','00000003','2019-04-01','iDEAL FR 55 MINIM','EA','2','00000003','000000040'),('00000015','00000005','00000004','2016-06-08','FUEL OFFROAD DF531','EA','4','00000004','000000701'),('00000020','00000006','00000001','2019-03-14','DEKA 410 AMP MOWER BAT','EA','1','00000001','000000201'),('00000020','00000006','00000002','2019-02-01','SMITHSONIAN 4 CYLINDER','EA','2','00000002','000000140'),('00000020','00000006','00000003','2020-01-02','INTIGY STEEL ROLL CAGE','EA','1','00000003','000000040'),('00000020','00000006','00000004','2015-05-07','REPLIKAZ ALLOY','EA','4','00000004','000000701'),('00000021','00000007','00000001','2018-07-18','TOP DEEP CYCLE BATTERY','EA','1','00000001','000000201'),('00000021','00000007','00000002','2017-03-16','CACHE 2 CYLINDER','EA','2','00000002','000000140'),('00000021','00000007','00000003','2017-03-16','CHAVELLE COUP','EA','4','00000003','000000040'),('00000021','00000007','00000004','2016-06-08','FUEL OFFROAD DF531','EA','4','00000004','000000701'),('00000022','00000001','00000001','2017-03-16','AUTOMOTIVE BATTERY','EA','1','','000000201'),('00000022','00000001','00000002','2017-03-16','CACHE 2 CYLINDER','EA','2','00000002','000000140'),('00000022','00000001','00000003','2017-03-16','CHAVELLE COUP','EA','4','00000003','000000040'),('00000022','00000001','00000004','2017-03-16','FLM_BMW_K3','EA','4','','000000701'),('00000023','00000002','00000001','2018-07-18','TOP DEEP CYCLE BATTERY','EA','1','00000001','000000201'),('00000023','00000002','00000002','2018-07-18','HAYNES V8 2.8L','EA','1','00000002','000000140'),('00000023','00000002','00000003','2018-07-18','re-INF FRAME GAUGE','EA','10','00000003','000000040'),('00000023','00000002','00000004','2018-07-18','SIMS_BMW_ROLL PINS','EA','4','','000000701'),('00000024','00000003','00000001','2018-02-10','OPTIMA RED TOP BATTERY','EA','1','00000001','000000201'),('00000024','00000003','00000002','2019-03-07','FORD 2.3L CRATE ENGINE','EA','1','00000002','000000140'),('00000024','00000003','00000003','2020-01-02','INTIGY STEEL ROLL CAGE','EA','1','00000003','000000040'),('00000024','00000003','00000004','2017-05-04','TOUREN TR60','EA','4','00000004','000000701'),('00000025','00000004','00000001','2017-02-10','AUTOMOTIVE BATTERY','EA','1','','000000201'),('00000025','00000004','00000002','2018-01-01','VEINS_S8 BMW 4.3L','EA','1','','000000140'),('00000025','00000004','00000003','2019-02-10','TAMIYA 70112 BUGGY CHASSIS','EA','1','00000003','000000040'),('00000025','00000004','00000004','2017-02-01','FLM_BMW_K3','EA','4','','000000701'),('00000026','00000005','00000001','2019-01-10','BMW_FDZ BATTERY','EA','1','','000000201'),('00000026','00000005','00000002','2019-03-07','FORD 2.3L CRATE ENGINE','EA','2','00000002','000000140'),('00000026','00000005','00000003','2019-04-01','iDEAL FR 55 MINIM','EA','2','00000003','000000040'),('00000026','00000005','00000004','2016-06-08','FUEL OFFROAD DF531','EA','4','00000004','000000701'),('00000027','00000006','00000001','2019-03-14','DEKA 410 AMP MOWER BAT','EA','1','00000001','000000201'),('00000027','00000006','00000002','2019-02-01','SMITHSONIAN 4 CYLINDER','EA','2','00000002','000000140'),('00000027','00000006','00000003','2020-01-02','INTIGY STEEL ROLL CAGE','EA','1','00000003','000000040'),('00000027','00000006','00000004','2015-05-07','REPLIKAZ ALLOY','EA','4','00000004','000000701'),('00000028','00000007','00000001','2018-07-18','TOP DEEP CYCLE BATTERY','EA','1','00000001','000000201'),('00000028','00000007','00000002','2017-03-16','CACHE 2 CYLINDER','EA','2','00000002','000000140'),('00000028','00000007','00000003','2017-03-16','CHAVELLE COUP','EA','4','00000003','000000040'),('00000028','00000007','00000004','2016-06-08','FUEL OFFROAD DF531','EA','4','00000004','000000701'),('00000029','00000001','00000001','2017-03-16','AUTOMOTIVE BATTERY','EA','1','','000000201'),('00000029','00000001','00000002','2017-03-16','CACHE 2 CYLINDER','EA','2','00000002','000000140'),('00000029','00000001','00000003','2017-03-16','CHAVELLE COUP','EA','4','00000003','000000040'),('00000029','00000001','00000004','2017-03-16','FLM_BMW_K3','EA','4','','000000701'),('00000030','00000002','00000001','2018-07-18','TOP DEEP CYCLE BATTERY','EA','1','00000001','000000201'),('00000030','00000002','00000002','2018-07-18','HAYNES V8 2.8L','EA','1','00000002','000000140'),('00000030','00000002','00000003','2018-07-18','re-INF FRAME GAUGE','EA','10','00000003','000000040'),('00000030','00000002','00000004','2018-07-18','SIMS_BMW_ROLL PINS','EA','4','','000000701'),('00000031','00000003','00000001','2018-02-10','OPTIMA RED TOP BATTERY','EA','1','00000001','000000201'),('00000031','00000003','00000002','2019-03-07','FORD 2.3L CRATE ENGINE','EA','1','00000002','000000140'),('00000031','00000003','00000003','2020-01-02','INTIGY STEEL ROLL CAGE','EA','1','00000003','000000040'),('00000031','00000003','00000004','2017-05-04','TOUREN TR60','EA','4','00000004','000000701'),('00000032','00000004','00000001','2017-02-10','AUTOMOTIVE BATTERY','EA','1','','000000201'),('00000032','00000004','00000002','2018-01-01','VEINS_S8 BMW 4.3L','EA','1','','000000140'),('00000032','00000004','00000003','2019-02-10','TAMIYA 70112 BUGGY CHASSIS','EA','1','00000003','000000040'),('00000032','00000004','00000004','2017-02-01','FLM_BMW_K3','EA','4','','000000701'),('00000033','00000005','00000001','2019-01-10','BMW_FDZ BATTERY','EA','1','','000000201'),('00000033','00000005','00000002','2019-03-07','FORD 2.3L CRATE ENGINE','EA','2','00000002','000000140'),('00000033','00000005','00000003','2019-04-01','iDEAL FR 55 MINIM','EA','2','00000003','000000040'),('00000033','00000005','00000004','2016-06-08','FUEL OFFROAD DF531','EA','4','00000004','000000701'),('00000034','00000006','00000001','2019-03-14','DEKA 410 AMP MOWER BAT','EA','1','00000001','000000201'),('00000034','00000006','00000002','2019-02-01','SMITHSONIAN 4 CYLINDER','EA','2','00000002','000000140'),('00000034','00000006','00000003','2020-01-02','INTIGY STEEL ROLL CAGE','EA','1','00000003','000000040'),('00000034','00000006','00000004','2015-05-07','REPLIKAZ ALLOY','EA','4','00000004','000000701'),('00000035','00000007','00000001','2018-07-18','TOP DEEP CYCLE BATTERY','EA','1','00000001','000000201'),('00000035','00000007','00000002','2017-03-16','CACHE 2 CYLINDER','EA','2','00000002','000000140'),('00000035','00000007','00000003','2017-03-16','CHAVELLE COUP','EA','4','00000003','000000040'),('00000035','00000007','00000004','2016-06-08','FUEL OFFROAD DF531','EA','4','00000004','000000701'),('00000036','00000001','00000001','2017-03-16','AUTOMOTIVE BATTERY','EA','1','','000000201'),('00000036','00000001','00000002','2017-03-16','CACHE 2 CYLINDER','EA','2','00000002','000000140'),('00000036','00000001','00000003','2017-03-16','CHAVELLE COUP','EA','4','00000003','000000040'),('00000036','00000001','00000004','2017-03-16','FLM_BMW_K3','EA','4','','000000701'),('00000037','00000002','00000001','2018-07-18','TOP DEEP CYCLE BATTERY','EA','1','00000001','000000201'),('00000037','00000002','00000002','2018-07-18','HAYNES V8 2.8L','EA','1','00000002','000000140'),('00000037','00000002','00000003','2018-07-18','re-INF FRAME GAUGE','EA','10','00000003','000000040'),('00000037','00000002','00000004','2018-07-18','SIMS_BMW_ROLL PINS','EA','4','','000000701'),('00000038','00000003','00000001','2018-02-10','OPTIMA RED TOP BATTERY','EA','1','00000001','000000201'),('00000038','00000003','00000002','2019-03-07','FORD 2.3L CRATE ENGINE','EA','1','00000002','000000140'),('00000038','00000003','00000003','2020-01-02','INTIGY STEEL ROLL CAGE','EA','1','00000003','000000040'),('00000038','00000003','00000004','2017-05-04','TOUREN TR60','EA','4','00000004','000000701'),('00000039','00000004','00000001','2017-02-10','AUTOMOTIVE BATTERY','EA','1','','000000201'),('00000039','00000004','00000002','2018-01-01','VEINS_S8 BMW 4.3L','EA','1','','000000140'),('00000039','00000004','00000003','2019-02-10','TAMIYA 70112 BUGGY CHASSIS','EA','1','00000003','000000040'),('00000039','00000004','00000004','2017-02-01','FLM_BMW_K3','EA','4','','000000701'),('00000040','00000005','00000001','2019-01-10','BMW_FDZ BATTERY','EA','1','','000000201'),('00000040','00000005','00000002','2019-03-07','FORD 2.3L CRATE ENGINE','EA','2','00000002','000000140'),('00000040','00000005','00000003','2019-04-01','iDEAL FR 55 MINIM','EA','2','00000003','000000040'),('00000040','00000005','00000004','2016-06-08','FUEL OFFROAD DF531','EA','4','00000004','000000701'),('00000041','00000006','00000001','2019-03-14','DEKA 410 AMP MOWER BAT','EA','1','00000001','000000201'),('00000041','00000006','00000002','2019-02-01','SMITHSONIAN 4 CYLINDER','EA','2','00000002','000000140'),('00000041','00000006','00000003','2020-01-02','INTIGY STEEL ROLL CAGE','EA','1','00000003','000000040'),('00000041','00000006','00000004','2015-05-07','REPLIKAZ ALLOY','EA','4','00000004','000000701'),('00000042','00000007','00000001','2018-07-18','TOP DEEP CYCLE BATTERY','EA','1','00000001','000000201'),('00000042','00000007','00000002','2017-03-16','CACHE 2 CYLINDER','EA','2','00000002','000000140'),('00000042','00000007','00000003','2017-03-16','CHAVELLE COUP','EA','4','00000003','000000040'),('00000042','00000007','00000004','2016-06-08','FUEL OFFROAD DF531','EA','4','00000004','000000701'),('00000043','00000001','00000001','2017-03-16','AUTOMOTIVE BATTERY','EA','1','','000000201'),('00000043','00000001','00000002','2017-03-16','CACHE 2 CYLINDER','EA','2','00000002','000000140'),('00000043','00000001','00000003','2017-03-16','CHAVELLE COUP','EA','4','00000003','000000040'),('00000043','00000001','00000004','2017-03-16','FLM_BMW_K3','EA','4','','000000701'),('00000044','00000002','00000001','2018-07-18','TOP DEEP CYCLE BATTERY','EA','1','00000001','000000201'),('00000044','00000002','00000002','2018-07-18','HAYNES V8 2.8L','EA','1','00000002','000000140'),('00000044','00000002','00000003','2018-07-18','re-INF FRAME GAUGE','EA','10','00000003','000000040'),('00000044','00000002','00000004','2018-07-18','SIMS_BMW_ROLL PINS','EA','4','','000000701'),('00000045','00000003','00000001','2018-02-10','OPTIMA RED TOP BATTERY','EA','1','00000001','000000201'),('00000045','00000003','00000002','2019-03-07','FORD 2.3L CRATE ENGINE','EA','1','00000002','000000140'),('00000045','00000003','00000003','2020-01-02','INTIGY STEEL ROLL CAGE','EA','1','00000003','000000040'),('00000045','00000003','00000004','2017-05-04','TOUREN TR60','EA','4','00000004','000000701'),('00000046','00000004','00000001','2017-02-10','AUTOMOTIVE BATTERY','EA','1','','000000201'),('00000046','00000004','00000002','2018-01-01','VEINS_S8 BMW 4.3L','EA','1','','000000140'),('00000046','00000004','00000003','2019-02-10','TAMIYA 70112 BUGGY CHASSIS','EA','1','00000003','000000040'),('00000046','00000004','00000004','2017-02-01','FLM_BMW_K3','EA','4','','000000701'),('00000047','00000005','00000001','2019-01-10','BMW_FDZ BATTERY','EA','1','','000000201'),('00000047','00000005','00000002','2019-03-07','FORD 2.3L CRATE ENGINE','EA','2','00000002','000000140'),('00000047','00000005','00000003','2019-04-01','iDEAL FR 55 MINIM','EA','2','00000003','000000040'),('00000047','00000005','00000004','2016-06-08','FUEL OFFROAD DF531','EA','4','00000004','000000701'),('00000048','00000006','00000001','2019-03-14','DEKA 410 AMP MOWER BAT','EA','1','00000001','000000201'),('00000048','00000006','00000002','2019-02-01','SMITHSONIAN 4 CYLINDER','EA','2','00000002','000000140'),('00000048','00000006','00000003','2020-01-02','INTIGY STEEL ROLL CAGE','EA','1','00000003','000000040'),('00000048','00000006','00000004','2015-05-07','REPLIKAZ ALLOY','EA','4','00000004','000000701'),('00000049','00000007','00000001','2018-07-18','TOP DEEP CYCLE BATTERY','EA','1','00000001','000000201'),('00000049','00000007','00000002','2017-03-16','CACHE 2 CYLINDER','EA','2','00000002','000000140'),('00000049','00000007','00000003','2017-03-16','CHAVELLE COUP','EA','4','00000003','000000040'),('00000049','00000007','00000004','2016-06-08','FUEL OFFROAD DF531','EA','4','00000004','000000701'),('00000050','00000001','00000001','2017-03-16','AUTOMOTIVE BATTERY','EA','1','','000000201'),('00000050','00000001','00000002','2017-03-16','CACHE 2 CYLINDER','EA','2','00000002','000000140'),('00000050','00000001','00000003','2017-03-16','CHAVELLE COUP','EA','4','00000003','000000040'),('00000050','00000001','00000004','2017-03-16','FLM_BMW_K3','EA','4','','000000701'),('00000051','00000002','00000001','2018-07-18','TOP DEEP CYCLE BATTERY','EA','1','00000001','000000201'),('00000051','00000002','00000002','2018-07-18','HAYNES V8 2.8L','EA','1','00000002','000000140'),('00000051','00000002','00000003','2018-07-18','re-INF FRAME GAUGE','EA','10','00000003','000000040'),('00000051','00000002','00000004','2018-07-18','SIMS_BMW_ROLL PINS','EA','4','','000000701'),('00000052','00000003','00000001','2018-02-10','OPTIMA RED TOP BATTERY','EA','1','00000001','000000201'),('00000052','00000003','00000002','2019-03-07','FORD 2.3L CRATE ENGINE','EA','1','00000002','000000140'),('00000052','00000003','00000003','2020-01-02','INTIGY STEEL ROLL CAGE','EA','1','00000003','000000040'),('00000052','00000003','00000004','2017-05-04','TOUREN TR60','EA','4','00000004','000000701'),('00000053','00000004','00000001','2017-02-10','AUTOMOTIVE BATTERY','EA','1','','000000201'),('00000053','00000004','00000002','2018-01-01','VEINS_S8 BMW 4.3L','EA','1','','000000140'),('00000053','00000004','00000003','2019-02-10','TAMIYA 70112 BUGGY CHASSIS','EA','1','00000003','000000040'),('00000053','00000004','00000004','2017-02-01','FLM_BMW_K3','EA','4','','000000701'),('00000054','00000005','00000001','2019-01-10','BMW_FDZ BATTERY','EA','1','','000000201'),('00000054','00000005','00000002','2019-03-07','FORD 2.3L CRATE ENGINE','EA','2','00000002','000000140'),('00000054','00000005','00000003','2019-04-01','iDEAL FR 55 MINIM','EA','2','00000003','000000040'),('00000054','00000005','00000004','2016-06-08','FUEL OFFROAD DF531','EA','4','00000004','000000701'),('00000055','00000006','00000001','2019-03-14','DEKA 410 AMP MOWER BAT','EA','1','00000001','000000201'),('00000055','00000006','00000002','2019-02-01','SMITHSONIAN 4 CYLINDER','EA','2','00000002','000000140'),('00000055','00000006','00000003','2020-01-02','INTIGY STEEL ROLL CAGE','EA','1','00000003','000000040'),('00000055','00000006','00000004','2015-05-07','REPLIKAZ ALLOY','EA','4','00000004','000000701'),('00000056','00000007','00000001','2018-07-18','TOP DEEP CYCLE BATTERY','EA','1','00000001','000000201'),('00000056','00000007','00000002','2017-03-16','CACHE 2 CYLINDER','EA','2','00000002','000000140'),('00000056','00000007','00000003','2017-03-16','CHAVELLE COUP','EA','4','00000003','000000040'),('00000056','00000007','00000004','2016-06-08','FUEL OFFROAD DF531','EA','4','00000004','000000701'),('00000057','00000001','00000001','2017-03-16','AUTOMOTIVE BATTERY','EA','1','','000000201'),('00000057','00000001','00000002','2017-03-16','CACHE 2 CYLINDER','EA','2','00000002','000000140'),('00000057','00000001','00000003','2017-03-16','CHAVELLE COUP','EA','4','00000003','000000040'),('00000057','00000001','00000004','2017-03-16','FLM_BMW_K3','EA','4','','000000701'),('00000058','00000002','00000001','2018-07-18','TOP DEEP CYCLE BATTERY','EA','1','00000001','000000201'),('00000058','00000002','00000002','2018-07-18','HAYNES V8 2.8L','EA','1','00000002','000000140'),('00000058','00000002','00000003','2018-07-18','re-INF FRAME GAUGE','EA','10','00000003','000000040'),('00000058','00000002','00000004','2018-07-18','SIMS_BMW_ROLL PINS','EA','4','','000000701'),('00000059','00000003','00000001','2018-02-10','OPTIMA RED TOP BATTERY','EA','1','00000001','000000201'),('00000059','00000003','00000002','2019-03-07','FORD 2.3L CRATE ENGINE','EA','1','00000002','000000140'),('00000059','00000003','00000003','2020-01-02','INTIGY STEEL ROLL CAGE','EA','1','00000003','000000040'),('00000059','00000003','00000004','2017-05-04','TOUREN TR60','EA','4','00000004','000000701'),('00000060','00000004','00000001','2017-02-10','AUTOMOTIVE BATTERY','EA','1','','000000201'),('00000060','00000004','00000002','2018-01-01','VEINS_S8 BMW 4.3L','EA','1','','000000140'),('00000060','00000004','00000003','2019-02-10','TAMIYA 70112 BUGGY CHASSIS','EA','1','00000003','000000040'),('00000060','00000004','00000004','2017-02-01','FLM_BMW_K3','EA','4','','000000701'),('00000061','00000005','00000001','2019-01-10','BMW_FDZ BATTERY','EA','1','','000000201'),('00000061','00000005','00000002','2019-03-07','FORD 2.3L CRATE ENGINE','EA','2','00000002','000000140'),('00000061','00000005','00000003','2019-04-01','iDEAL FR 55 MINIM','EA','2','00000003','000000040'),('00000061','00000005','00000004','2016-06-08','FUEL OFFROAD DF531','EA','4','00000004','000000701'),('00000062','00000006','00000001','2019-03-14','DEKA 410 AMP MOWER BAT','EA','1','00000001','000000201'),('00000062','00000006','00000002','2019-02-01','SMITHSONIAN 4 CYLINDER','EA','2','00000002','000000140'),('00000062','00000006','00000003','2020-01-02','INTIGY STEEL ROLL CAGE','EA','1','00000003','000000040'),('00000062','00000006','00000004','2015-05-07','REPLIKAZ ALLOY','EA','4','00000004','000000701'),('00000063','00000007','00000001','2018-07-18','TOP DEEP CYCLE BATTERY','EA','1','00000001','000000201'),('00000063','00000007','00000002','2017-03-16','CACHE 2 CYLINDER','EA','2','00000002','000000140'),('00000063','00000007','00000003','2017-03-16','CHAVELLE COUP','EA','4','00000003','000000040'),('00000063','00000007','00000004','2016-06-08','FUEL OFFROAD DF531','EA','4','00000004','000000701');
/*!40000 ALTER TABLE `STPO` ENABLE KEYS */;
UNLOCK TABLES;
/*!40103 SET TIME_ZONE=@OLD_TIME_ZONE */;

/*!40101 SET SQL_MODE=@OLD_SQL_MODE */;
/*!40014 SET FOREIGN_KEY_CHECKS=@OLD_FOREIGN_KEY_CHECKS */;
/*!40014 SET UNIQUE_CHECKS=@OLD_UNIQUE_CHECKS */;
/*!40101 SET CHARACTER_SET_CLIENT=@OLD_CHARACTER_SET_CLIENT */;
/*!40101 SET CHARACTER_SET_RESULTS=@OLD_CHARACTER_SET_RESULTS */;
/*!40101 SET COLLATION_CONNECTION=@OLD_COLLATION_CONNECTION */;
/*!40111 SET SQL_NOTES=@OLD_SQL_NOTES */;

-- Dump completed on 2019-04-29 22:20:05
